client_id,score
2,5.5571534e-05
4,0.029044576
9,0.0015291156
12,0.0006713524
14,8.545546e-05
15,0.00024731798
29,0.0014215938
56,0.001098359
58,0.0061303857
60,0.00033266388
62,4.295625e-05
72,0.15994237
74,0.00044565403
76,0.000112504116
85,2.8202778e-05
99,0.00021671508
104,0.0004924247
112,0.00012946567
120,0.00013217135
128,7.3120704e-05
131,3.8094608e-05
135,0.0021399944
143,0.0032454329
157,0.0008259388
159,0.005979077
165,7.1803834e-06
176,0.003674455
183,0.0025973446
191,0.00012277991
194,0.09244034
206,0.00010744973
207,0.0002279896
228,0.00073931715
232,0.000101590595
286,0.00048176912
287,7.795945e-05
296,0.00041692212
298,0.0010799896
299,0.0015004999
322,0.0005078105
328,6.006838e-05
335,0.00032651797
341,0.0009750866
348,0.0028066556
352,0.095105246
353,0.0023699598
367,0.0011670386
370,1.6049622e-05
373,0.00053883827
379,0.00047813775
394,5.423193e-05
395,1.9062703e-05
396,0.0017396144
400,4.652859e-05
403,0.029904423
410,0.0112158945
411,0.00015489433
417,0.00015259844
418,2.3320757e-05
438,8.375825e-05
443,0.0008529408
27,0.0015800219
479,0.0006118687
480,5.269473e-06
482,0.005110402
485,0.0003538526
494,0.0011513375
495,0.00912009
504,3.794993e-05
509,9.159246e-05
511,0.0003307573
520,0.008267391
528,0.00012965716
537,0.0073087397
543,0.0010074078
548,7.42408e-05
136,2.2069473e-06
554,0.0131023405
563,0.0005175999
569,0.00016089293
166,0.0053602597
590,0.0011344624
182,2.3381483e-05
593,0.00015373646
602,2.855959e-06
609,0.00019689852
614,4.55071e-05
627,5.0202816e-05
628,0.016690345
631,0.0005678207
650,0.012285838
657,0.009610568
669,0.00027065922
682,0.00016570491
688,0.12991512
695,0.00011733125
711,2.0213547e-05
714,0.010454577
717,7.093649e-05
721,0.00114871
744,0.0014989981
746,3.5494624e-05
749,0.0031491169
753,0.010663144
755,0.010811679
765,4.8996917e-05
768,2.0646662e-06
770,0.00017983258
772,0.0041261134
774,0.0001456552
791,0.0018332753
793,9.567978e-05
797,0.0145407105
804,0.0045712423
809,1.3437135e-05
817,7.732143e-06
830,0.0019354444
838,0.0014365948
839,7.3330507e-06
862,0.0024510685
864,4.5159908e-05
868,0.00016683339
873,0.00640532
874,3.433136e-05
889,0.00012863026
901,0.00051230285
902,0.0017532235
903,0.00026309857
904,0.00011416146
908,0.0022370503
910,3.839146e-06
911,0.00045865576
917,0.00010061282
921,0.001354
930,0.00013762366
942,0.000116426825
943,4.8329784e-05
945,0.0005472015
954,0.020420806
101,0.008408078
965,0.16861351
973,0.005309734
979,0.00059083063
991,0.0058761276
995,1.7516351e-05
996,0.00025252212
1003,0.0036355515
1005,0.0014707946
1012,7.5453904e-06
1015,0.0071778772
1022,0.0008216109
606,0.030012844
1031,1.4610051e-05
1041,0.00014345344
1046,0.0006352533
1047,0.0013289935
1056,0.012664454
1058,0.0032243244
233,7.059078e-05
1071,0.0011213607
1072,0.00029593735
1080,0.0014196417
1083,0.00076968496
1092,1.8520988e-05
258,0.00021915726
1097,3.1233172e-05
1103,0.019042565
1110,0.0008693214
1112,0.00024713224
1128,2.0607222e-05
1129,0.00052595366
704,0.0007861138
1133,0.00020475665
1144,0.0002401139
1146,0.00068682205
1147,0.0063418057
1152,0.00026315276
334,0.00013224888
1160,0.11264879
1161,0.0039147455
1165,0.00013950578
1172,0.00046024448
352,0.095105246
757,9.948139e-06
1180,0.009607342
1181,0.0007456736
781,0.057049252
1199,0.019947018
1200,0.024151092
1203,0.0011001365
1204,0.007352909
806,0.0033823345
1218,0.0024032088
1222,4.4198045e-05
404,0.0010238474
1224,0.00031994426
1226,0.0026381789
1227,0.00029925007
1230,0.00022836817
831,0.0035081261
1233,0.0027116733
839,8.440498e-06
1242,0.004982854
1245,0.0070131235
1250,0.00030763395
1252,8.809509e-05
1263,0.00042230837
1265,9.72584e-05
1266,0.0048711463
1269,0.012264048
878,0.00018773333
1270,1.9424164e-05
448,6.4589767e-06
1273,0.0003173965
1290,0.006988041
1291,7.820502e-05
471,0.00015513673
1303,6.4319545e-05
1304,6.434482e-05
1309,1.9881978e-05
916,0.00219993
1310,0.00012512006
1317,0.00036573748
1319,0.00024496604
1320,0.00097149704
75,5.7630646e-06
81,0.0038730998
1337,0.008241841
1340,0.011072964
1348,5.4561955e-05
1359,0.0005083333
1365,0.00027611895
1370,0.00022815095
1372,0.00020115699
1377,1.9962727e-05
1382,5.998063e-05
1015,0.0071778772
1397,0.00048640257
1398,0.00013953345
189,0.00012345554
601,0.000488534
605,0.0012782327
1042,0.0032913475
1044,3.8429273e-05
1425,4.0720937e-05
1426,0.006603317
1428,0.002799035
1431,0.00086918805
1445,0.0044981427
1451,0.0015384489
1080,0.00071138795
1456,0.00030056218
1458,0.0016457496
1459,0.00014225012
1460,0.0011422107
1092,2.6927848e-05
1476,0.0017211377
1478,0.11869969
1480,0.0004812674
1481,0.0047219535
1113,0.0052949735
1486,0.00030182424
1487,0.00041078313
1493,0.0026646573
1505,0.0026356382
1506,0.0019788267
1521,0.0054472852
1525,0.00014418176
1529,8.905553e-05
1536,0.00023544316
1539,6.0414677e-05
1554,0.0028079397
1558,8.9955385e-05
764,0.0005668114
1563,0.002896917
1574,4.676667e-05
1201,9.114176e-05
384,0.0020059424
1592,1.0581464e-05
1604,0.029921476
1610,0.0066099297
1612,9.38689e-05
1620,0.0005502882
846,0.0061322073
858,0.00024152646
1636,0.0001938792
1648,0.0014254493
28,0.0064583565
1280,0.0058852183
1665,0.0014602926
1667,0.0013617539
1675,8.913815e-07
1680,0.012347824
489,0.0001360602
1688,3.3548928e-05
1691,0.09309443
921,0.00039841948
1711,6.328306e-05
1729,0.014713716
1734,0.0007408211
975,0.0018796973
1757,0.0052881194
1758,0.0004684243
1765,0.0005147012
1769,0.0041310284
1777,9.3830415e-05
161,8.571851e-05
1785,0.00086879433
1029,0.002587978
1416,0.0012073065
1801,2.6520975e-05
1805,0.0013924085
219,0.008173335
1825,0.00059309846
1827,0.2257163
1829,0.00028569438
1837,0.00045183537
1839,0.00032338809
1851,0.00011045382
1852,2.029924e-05
1853,0.0027197304
1463,0.0027734977
1854,0.015542336
1855,0.0009516507
1856,0.00080361834
1858,0.0007193033
1865,1.4350512e-05
1868,0.0001719738
1869,0.0002381093
1879,0.00090503297
1881,0.016039673
1508,0.0011104933
1515,0.0013259269
1884,0.0007902944
1887,0.00058287976
1902,0.001064384
745,0.00054798386
1548,0.0012851458
1909,0.0036976982
756,0.0004067621
1916,0.0025487163
1926,6.256087e-05
1940,0.0014593092
1941,0.0011124017
1943,0.0001240704
806,0.0033823345
1951,0.00033300373
1610,0.000509936
1961,2.9357334e-05
417,0.00015259844
1970,0.00016927689
1971,0.00015082188
856,0.00039646067
1983,4.6416197e-05
1987,2.1945556e-05
1993,0.04439581
871,5.2693616e-05
2003,0.00039270218
873,0.00640532
2007,4.4351138e-05
2018,0.00011837355
1297,0.0036548476
1303,7.0772236e-05
2030,0.00083165534
53,0.0048218146
1697,0.00014169872
2047,0.00025680976
2053,0.000905453
2072,0.001176538
2078,0.0001872501
2079,8.241924e-05
542,6.47599e-05
542,4.5732755e-05
1754,0.011557464
131,3.8094608e-05
2094,7.658245e-05
2102,0.0017612493
151,3.627705e-05
2107,9.025543e-05
2108,0.0011921704
2110,0.00041184513
2113,1.1588319e-05
2116,0.0013764938
2123,0.00044746854
2126,0.001155963
2139,0.00027693095
2140,0.00013582519
2142,9.970987e-05
2152,0.004486044
2157,0.010937255
1075,0.00046977805
1837,0.00045183537
2163,1.3137578e-05
248,0.0015247131
2165,0.00041888154
2170,0.0014057169
2175,0.0002385988
2178,5.374526e-06
2186,4.3318105e-06
1477,0.005230345
277,0.0006918863
2201,0.0016596421
2202,0.002016644
1488,0.27420464
2209,0.00021858691
2211,7.713169e-05
2226,0.000650464
2229,0.00018556904
2236,0.00048726643
1154,0.0019262121
2242,7.41033e-05
2244,0.0058843954
2250,5.9566744e-05
2251,9.528657e-06
766,0.0017715397
2264,5.736111e-05
2266,0.0026786001
2271,0.0031179981
2278,1.340115e-05
378,0.17183758
2282,0.0011079763
383,0.00036119626
2294,0.00020030011
2303,0.00062114326
2306,0.016945047
2309,3.2182634e-05
428,3.616148e-05
1975,0.00018324195
5,1.1045473e-05
2321,0.00023017862
861,0.002978558
27,0.0035130838
2337,0.0080419285
1674,0.0011835396
2346,2.6095928e-05
478,0.00049900607
1682,0.002095144
2355,2.4077728e-05
2362,0.0026574957
2364,0.0017302056
2370,0.00010215548
2374,0.0003207077
517,0.00054376526
2381,0.0005059007
2386,0.00045747944
93,5.480568e-07
2387,0.00060570415
2393,0.0047564274
1742,0.00074176455
2404,0.0021680943
2408,0.00012906545
2410,0.0014614396
2415,3.0225092e-05
2418,0.00019310966
2420,7.260383e-05
2424,0.00968786
2427,0.00043692894
159,0.005979077
2439,2.0584006e-05
2445,4.065753e-06
2447,0.00072147994
2449,0.0030206237
2455,2.6656355e-05
2459,1.0371184e-05
2463,4.9076225e-05
2464,0.0022731253
619,0.0022294247
2471,0.00018993914
635,0.007849269
2485,1.4956315e-05
2486,0.0024585498
1447,0.0009751001
1070,0.0005941672
2495,0.007951084
2496,0.002399858
2497,2.8126633e-05
2505,0.0020865342
1852,0.00011063607
1463,0.0027734977
2514,0.00020969687
2211,9.633794e-05
702,0.0011325533
2548,0.00013817132
2555,6.753349e-05
329,0.004078231
2562,4.640257e-05
2249,1.4260838e-06
773,9.069976e-05
2588,2.7990302e-05
2589,0.00026238363
2593,0.009459285
1210,0.0028300066
2603,0.0026738832
2604,1.2109428e-05
809,1.4916814e-05
2618,0.002070685
407,0.0005312478
2623,0.029382579
1960,0.0022419398
841,0.0013832531
2633,6.567148e-05
2634,0.000757337
2636,0.019060494
2639,0.003852144
855,0.0014911295
2647,0.00629643
4,0.1965431
1634,0.00043947747
1249,0.0058908425
2650,0.004135631
2651,0.0020637834
2656,0.0014844213
438,0.00011766232
2662,0.005811537
2663,0.032131217
2336,0.033712078
29,0.00012647494
2672,2.2351467e-05
2679,2.0445455e-05
2682,2.799025e-05
2690,0.00015099414
1321,0.002567454
2694,6.757897e-05
2369,7.8266414e-05
2703,0.00018056764
2704,7.3877527e-06
2709,0.00053805305
2712,0.0014347305
2716,0.00092340144
2721,0.00072577165
962,0.00012154281
2399,0.000401872
2729,0.00017687766
2731,0.0018865365
548,6.907117e-05
1376,4.1141087e-05
993,0.0080428105
2745,5.3536543e-05
2749,0.00021682751
162,0.0013499195
2760,0.00010958003
2444,0.014732538
2445,3.4144587e-06
2763,0.012351529
2771,4.6036297e-05
597,0.01378939
2776,0.000120565455
2459,1.9606307e-05
2785,5.5847366e-05
637,0.009928302
234,0.00020590588
2805,0.00022549072
2810,6.465962e-05
2820,0.047229283
1097,1.3187097e-05
2831,0.0002585186
2843,0.00056491856
293,0.00041974452
2541,0.00092596473
1128,7.4352174e-05
2852,0.0013269742
2857,0.00024456205
2862,0.006054669
2868,0.0014109462
2870,1.41127075e-05
734,8.3738916e-05
2248,0.0002472944
2877,0.15487534
2878,7.201509e-05
2889,0.00046863954
2891,0.00012638826
1911,0.02260069
2894,0.0002400917
2897,0.002024496
1927,0.0002547197
2904,0.0014040887
1204,0.0010883206
809,1.4725873e-05
2919,0.0003009605
2922,0.00015245503
405,0.002124009
824,0.021923782
825,0.00014676146
1960,0.0020020448
1234,0.0012166986
1235,0.00014271626
2936,0.003369966
842,0.0032955846
2948,0.009951741
2950,8.120022e-05
2959,9.197924e-05
891,8.4014224e-05
2962,0.0134092085
1295,0.00021342756
2968,9.435638e-05
2970,0.0098010255
908,0.0036991339
2974,0.001542526
2975,9.9095734e-05
1693,5.0903178e-05
2980,0.0011606313
2981,9.675767e-05
2059,0.00013859423
2989,3.922018e-06
2078,0.00010876854
2999,0.0007375853
3002,4.7143517e-06
3004,2.7785918e-05
3006,0.00017850041
966,0.00026594108
538,0.0011572449
980,0.0005364359
3015,0.0017434849
3019,2.6844697e-05
1401,0.009111161
3039,0.0002371559
1813,5.290206e-05
1431,0.00086918805
1833,0.0005984988
2161,0.002270379
3063,0.00011988608
3066,0.0027659722
2166,0.000511885
1092,1.6987691e-05
3072,0.0001229621
665,0.0017000182
2182,0.00059312704
3077,3.776779e-05
3090,0.00010955412
2531,7.002616e-06
3104,0.00018300048
3105,0.0072771907
2229,0.00016751197
3109,7.332921e-05
3111,0.004569934
1181,0.0003438106
3136,0.00019446202
1191,7.527864e-05
3144,0.0021814622
2911,7.612207e-05
1589,0.00010636018
3159,1.7926619e-05
403,0.018887237
1224,0.00081883627
3163,0.00013539717
1615,0.0011195766
828,0.0008805806
3165,0.003037464
3177,1.1297543e-05
3179,0.0005210271
1278,2.0300065e-06
1280,0.0023938105
3201,0.00029918048
3202,0.0088923685
897,5.7885067e-05
3209,0.0005071534
2969,0.00014426619
485,0.0005656834
3219,0.0014956717
3221,0.025600642
496,0.0003103737
1695,0.0001976492
2050,7.842544e-06
3234,7.633666e-05
3245,0.00022433272
3246,0.0012424393
3247,9.855716e-05
3249,0.0011678265
3258,0.00010810501
3259,0.0038940609
2086,3.0072853e-05
3265,0.009608681
3271,0.018739818
546,0.00024009077
3015,0.00051780225
3279,0.008118171
3281,0.00072678213
3282,0.0022485757
2104,0.00025176752
3287,0.0011993267
3290,0.0015151651
3297,0.00022132289
3301,1.0545028e-05
3304,0.005457942
1416,0.0012073065
3315,0.00012497578
3316,0.00094155455
1426,0.006603317
1055,0.0034506724
2481,0.0003645574
3323,0.0047189607
2801,0.09560124
3324,0.0038613183
243,0.0020293728
653,0.00032959422
3341,0.00019705665
1856,0.00072546396
3344,0.027430788
3345,0.015279003
3351,0.018892286
677,0.47467047
3359,0.018722732
3101,0.00032160972
3361,0.0001516693
3363,0.011744733
3368,0.02199578
3369,0.0005002393
2226,0.0010098799
2559,5.456315e-05
1163,0.001627766
3388,0.03694736
749,0.0035259773
3390,0.029203884
1920,5.065621e-05
770,0.0002518328
3418,0.00025114417
791,0.0014817395
3428,1.38355235e-05
3433,3.252741e-05
815,0.0014182694
3442,4.7636335e-05
2640,0.0015702762
1255,7.686222e-05
3461,0.024158278
3464,5.8095706e-05
459,0.0010068062
3473,0.007209256
903,0.00033277238
3475,0.0050429273
906,0.0004188799
3484,0.00040976508
60,0.00011895857
928,6.703546e-05
66,0.0012588402
78,0.00030924246
3509,0.001671202
3512,2.3625415e-05
3516,0.08182054
3517,0.012560305
3519,5.813649e-05
97,0.0009437015
3526,0.00081290904
3005,0.017957984
2724,0.0017805649
3529,0.0011608264
3533,0.00015258142
126,0.029235907
3536,0.0059416327
3546,0.00016372192
1767,0.0003961273
3556,0.00011490697
156,0.00017808373
1389,0.0017927183
1783,4.302525e-05
1796,0.00051146775
3570,0.0007458338
3577,2.6500775e-05
3580,0.45120236
3311,0.00048644966
3582,2.588878e-05
3050,0.00022620369
3584,0.00061043317
1832,0.013295471
3595,0.00030959997
3598,0.0019929865
1840,0.0013119082
3603,0.00011949278
254,0.00016929432
655,0.0005612827
3347,0.00022623065
3621,0.00033519126
3623,0.00252362
2208,2.0610091e-06
292,0.00085253455
3629,0.0041602817
3639,0.002817544
2228,0.080982514
1142,0.0001026077
3643,0.035426646
1896,0.0001862389
3651,0.027703125
740,0.00072480267
3653,0.00012698042
3656,0.00030600463
3658,0.01505497
3673,4.1691655e-05
3675,0.00019689945
3677,0.000490271
2287,0.0020664681
3681,0.004313113
402,0.00092151883
3685,1.6719063e-05
3688,1.2993912e-05
3694,0.015297058
3696,0.0006079647
3698,0.00053466787
3705,0.0024384696
3715,0.0010324912
887,0.00018136136
2964,7.38678e-05
2024,0.0029796965
2344,6.474582e-05
1300,0.0003195772
3730,0.00135198
3734,8.522799e-06
3739,2.1014577e-05
3228,0.0005353433
72,0.022236794
510,0.0040295813
3747,0.00045479104
1343,0.0012697297
530,0.017878152
2998,0.0011928055
544,0.001048273
1368,0.009123995
975,0.0014155295
1754,0.0044807633
3769,0.0026606217
3772,0.00025552555
3776,0.0002366937
3297,0.00016653762
579,0.00023057727
172,0.000116985924
3792,0.0030243394
3796,6.990745e-06
2453,0.16531287
2126,0.000943564
3035,2.3424469e-05
3805,0.0007174764
1808,0.0005042091
3808,0.009140823
1048,0.0014558793
3810,2.5153977e-05
3815,1.7899303e-05
3819,0.007810089
3824,0.014894814
3828,6.169016e-06
3829,0.340777
3830,9.542238e-05
1457,0.007695462
3831,0.013196189
3832,0.00070290454
2516,0.0031442838
3836,0.0005220661
3841,0.00017857975
3843,0.002569505
3844,0.03828112
3355,0.010678871
284,0.0004985442
1117,0.6001742
3853,3.7486217e-05
1876,0.0011845146
3854,0.008026651
3855,9.283884e-05
2218,9.1561546e-05
3863,0.0087816445
1530,0.002483499
3871,0.0001437444
3878,0.0009405696
3879,0.020517383
345,4.169404e-05
3886,0.0013869109
3887,0.00032795427
1209,0.00057373557
3151,0.0042928546
3910,0.0016236834
3912,0.029362688
3915,0.00014046537
3917,0.0012022028
3919,0.003995522
3922,0.057197317
3924,0.00018284036
3926,0.21525653
3934,0.0019320217
3448,0.00025908143
1979,0.008615079
859,1.0314163e-05
1983,2.6882562e-05
3708,0.0013814672
869,0.00013297155
3940,0.00013386692
3187,0.0005832721
1652,0.0004707057
3717,0.00031912143
3948,6.0289804e-06
459,0.000884019
469,0.00030847747
40,0.0109405415
3952,0.0019321147
46,0.0002531501
490,0.0001842555
3732,0.0009844004
3960,0.006915571
3963,0.0005189793
1695,0.00022863678
3965,0.0020231053
3976,0.000428896
516,0.00081635296
3978,0.00467687
3980,0.02184844
3513,6.141079e-05
3983,7.148858e-06
2390,0.0045792926
2397,0.0010625978
1361,4.1474585e-05
3992,7.22837e-05
3011,0.005892507
2408,1.7899561e-05
2740,0.0017537251
4005,0.008340368
3024,0.00031906605
4008,9.884024e-06
572,0.0016987701
162,0.0013499195
4034,0.011248389
4038,3.165432e-05
4039,0.00016162562
3313,0.0032349546
3582,6.937733e-05
4043,0.0005073802
4044,0.20013534
4051,0.0014577432
4054,0.0009834807
4055,0.004842702
648,0.0031996504
4056,0.00300205
249,0.00015277854
1089,0.00012917884
4059,0.00028416605
260,0.008214218
3345,0.0125041045
2825,2.0468262e-05
1103,0.0134921
2827,0.00018268928
4076,0.0026056701
685,0.00517299
4080,1.4326966e-05
2535,0.0003409955
2540,0.0036619648
4083,0.0006215377
1132,0.0014318478
4090,0.0017096887
4091,8.142532e-05
3641,0.0009969439
2555,1.990841e-05
1145,0.0008504498
1147,0.0019224498
1531,0.0010709659
1547,1.5445632e-05
354,6.484939e-05
3393,0.00117
2573,1.4254069e-05
1187,0.0019713598
4115,4.5408695e-05
4116,0.1434495
4130,0.022762217
4134,4.4429114e-05
3153,4.449916e-05
3159,2.3249166e-05
2927,0.029946268
4144,1.1982912e-05
4155,0.0012909004
4157,4.690042e-06
2327,0.00013167408
4161,3.7550333e-05
4165,0.00015344647
4168,0.001141197
4170,0.00021171814
4173,0.002915287
4177,0.001325949
4180,0.15990496
4183,5.139597e-05
46,0.0002531501
3729,0.0020266273
487,0.00026020975
54,0.0024277891
2685,9.982318e-05
2032,1.3323506e-05
3961,0.19229953
1711,0.00019155783
4200,0.00043771416
4202,0.0047870683
87,0.00010136184
4204,3.810325e-05
2382,0.0019403019
2709,0.0003052616
2713,0.00016747955
2998,0.0009618868
4220,1.9458574e-05
4223,0.00034990528
968,0.27135497
3992,0.0038920932
1363,4.4130236e-05
2734,0.00029776877
2736,0.0004111947
4235,0.00017906689
4236,1.9933392e-05
560,0.00093741773
2429,0.000521304
1388,4.119389e-05
3558,0.0004893559
4249,0.010486597
1779,0.00021260702
4252,0.0001391707
4254,0.00085529446
4255,0.0003637362
170,0.00019797853
3786,0.000810514
585,0.00026258934
605,0.0012379987
4266,0.00012911898
4267,0.0028040172
2467,0.001661322
1429,0.0015030095
218,0.00035286776
4280,0.00018884662
2803,0.0023546035
1077,1.0227509e-06
4288,0.07051158
4291,0.00028232328
2508,7.5713404e-05
4060,3.2157204e-05
4297,2.925987e-05
1495,5.656241e-05
4308,0.00037405352
1883,0.010675245
1135,0.0004950544
1140,0.008168292
4317,0.0012734672
4321,0.00019614748
4323,0.030321047
3876,0.000117070515
4327,0.0006664574
2245,0.0018049937
342,0.0027494284
4329,0.002172396
4334,0.0037436436
1178,0.0008609236
4336,1.4956199e-05
4337,0.006647004
1919,4.7978763e-05
4341,0.0004018927
4344,0.0018652413
4345,0.00020983626
4347,0.0024386726
3414,0.0058499603
2909,0.00032046594
3899,8.6467815e-05
2917,0.00011208095
4359,0.0012041705
395,1.2846977e-05
395,1.5596253e-05
4364,0.009749468
408,5.2272004e-05
2928,0.0029840402
4371,0.005393293
2314,0.0002092447
3456,0.0022497645
4383,4.1344978e-05
4387,0.00020979946
4389,0.00057334086
4390,0.004293332
4394,0.000516789
4401,3.7410115e-05
469,0.00040432904
4408,0.0005804321
2680,0.0017380079
4412,6.85229e-05
4415,0.0034947046
4417,0.00021654982
4420,0.0004316122
4421,0.0007918888
83,0.0017126984
4424,0.0001255138
4426,0.00035520198
530,0.017878152
4434,0.0002460029
3258,9.038859e-05
4435,0.0053322734
119,0.002934653
4437,4.832518e-05
2730,0.016213082
2405,3.5128785e-05
4442,1.9508368e-06
4445,0.00049130886
554,0.010718444
4452,0.0030757193
4454,9.1942326e-05
1016,0.0012335365
4472,8.086046e-05
2116,0.0014191577
4474,1.1047707e-05
4476,0.014180329
4477,1.3114468e-06
202,0.0011862072
204,0.0022756064
4484,0.00040913685
3332,0.0049812957
4504,0.00014497557
1454,6.352873e-05
2168,0.0035346716
656,0.0004341961
4512,0.0010315566
3072,0.00023905741
2825,5.187914e-05
2523,0.001616082
4519,0.000441966
4520,1.0828821e-05
2544,0.0064948355
4533,0.000104735955
4536,0.014093895
4537,1.5810536e-05
3118,0.003452921
4113,3.2661188e-05
4558,2.0384869e-05
4559,0.00091308076
3671,6.420029e-05
4561,9.260101e-05
4563,0.0009672763
4352,9.061832e-05
3149,8.2534614e-05
4569,0.0011397245
4573,0.0006520924
842,0.0032955846
1625,0.0015228102
4583,0.04198076
4588,0.0110911755
4590,0.0052977824
4592,0.019998403
461,0.0049351817
4599,0.0009228763
4601,0.00013095248
4604,1.4143669e-05
2036,7.857811e-05
4607,2.25451e-05
69,1.0652014e-05
71,0.02206281
4611,0.002072758
939,0.00019886243
1714,4.8531103e-05
4615,0.00016005624
4618,0.023440631
4621,9.653888e-05
2388,0.0011089863
1354,0.009433968
4624,0.0024069417
4628,6.86528e-05
4222,6.0549115e-05
2403,0.00020941412
3764,0.0029029688
3008,0.0075919284
4636,0.0004142993
4639,0.00013441822
147,0.0003069894
4642,0.00035685496
4643,0.0056534633
1007,0.0010475747
4646,0.00029164687
4016,0.00027092878
4650,0.0007322175
3565,0.0047082384
4654,8.820956e-06
4660,0.006348856
3574,0.00019384704
606,0.056657303
4039,0.00025649066
3805,7.564737e-05
1038,0.0005067028
625,0.0029266595
2791,0.004205266
4668,0.00011078091
4049,0.0009351288
3814,0.004463542
2799,0.0001368658
4671,0.00014482619
4676,9.468511e-05
4680,0.00037955117
4681,2.0608539e-05
657,0.009610568
2177,2.1126581e-05
662,0.0011496936
4689,0.00017342421
4518,0.005073062
3845,0.0003113268
2203,0.0019519858
3619,0.0043277135
4697,2.1394126e-05
4698,0.08827879
1123,7.958363e-05
4702,6.8067843e-06
4705,5.1898438e-05
4712,0.019430239
3116,0.0032295207
4115,4.5997458e-05
776,0.00051798666
1578,0.0007940446
789,0.0033902905
803,0.004428382
4357,0.008171843
4747,0.00041606172
3921,0.009401455
4758,0.0019796763
4761,0.003343344
4763,0.00019973352
1977,0.00024035877
2643,0.0008702538
4765,2.8529294e-06
4767,0.000117958676
4771,8.41101e-05
4777,0.000346403
455,3.0515323e-05
4598,1.1985243e-05
4778,0.0055339443
893,0.002013443
1316,0.0069881533
923,0.00020838715
941,0.0030985742
77,4.9428118e-06
4800,0.0050277007
522,0.0001927651
2393,0.0007348617
543,0.0008424372
4442,0.0059037325
3275,8.816154e-06
2739,0.00013931276
4004,0.0005562789
4827,6.303817e-05
1387,0.00013712066
4839,0.07995926
1800,4.9587215e-05
4660,0.006348856
2464,0.0013390669
4847,0.06883841
627,5.626475e-05
4489,1.7202019e-05
1822,2.1059355e-05
4856,1.6324704e-05
3330,9.49425e-05
3332,0.00504556
1091,0.0004681801
269,0.0051941606
3613,0.018252077
271,0.0086563835
4867,3.643122e-05
1868,0.00019746348
3358,0.017570067
1126,0.00252413
698,1.6007449e-05
312,0.00061175006
1133,0.00016710453
2226,0.00048473448
2555,3.7147434e-05
1164,0.25033152
4107,0.007448521
3655,0.0016988306
768,0.005110295
4910,0.00062628044
4915,0.05653104
393,0.004855742
4919,0.00039125548
1951,0.012349423
4921,6.737383e-05
4923,3.503184e-05
812,0.0020956264
4926,0.0007420434
4927,0.0001340395
4935,0.10889247
2637,0.0014459601
2940,0.0023874352
4940,1.5384403e-05
4157,4.5377237e-06
437,0.0004164546
4951,0.00031521625
3938,0.00068899564
3469,2.9277038e-05
4961,0.00026651626
3214,9.331293e-06
3732,0.0009844004
2686,0.00097160117
4966,4.431237e-05
2032,1.9371166e-05
4968,0.00024425282
4974,0.00013143988
938,0.008174112
940,0.0014877375
516,0.00081635296
4984,0.02756513
3760,9.0257236e-05
2079,7.966131e-05
4991,0.010563349
1368,0.009123995
4002,0.0011348504
5002,0.00010612322
2753,0.00012063745
5008,0.0002621566
2445,5.6144822e-06
4653,9.324871e-06
1790,0.00026430388
5022,0.0003839951
3577,7.4663876e-05
614,6.343871e-05
5026,0.0001623861
5031,0.00014087906
2146,0.00012372849
3816,1.0669073e-05
4673,3.909794e-05
5039,0.0005287293
250,0.00016307255
2814,0.15709504
4509,0.0015967055
5052,0.0019566352
2197,0.00048417342
3620,4.4430977e-05
4698,0.039264362
5061,0.19421023
5064,0.00014819074
718,0.012206827
5074,0.00010197514
5075,1.0196188e-05
3108,0.00011341896
4711,0.009853358
5078,0.00012588622
2235,0.0003172991
5084,0.017582228
5087,5.6080422e-05
1902,0.002833622
5089,0.0005235823
5089,0.0005078282
5091,0.009778311
3656,0.00060133083
1185,0.002300513
5094,1.8272567e-05
5097,0.011553356
780,0.00050126406
3141,0.0014705382
3673,0.00019150671
4344,0.0018652413
2912,9.1239504e-05
5106,0.0041893916
1212,0.0022115833
2296,0.0006831907
3440,2.192401e-05
5112,0.00054086
3921,0.009401455
421,0.0005808652
4150,0.0010729986
1971,0.000112085974
5119,0.00015139839
3453,0.00019514089
5123,9.634125e-05
27,0.0025315243
3194,2.7541968e-05
5131,0.00052777864
3473,0.006034821
2022,0.003495153
2344,2.174475e-05
479,0.0004962426
5134,0.00057386246
2033,0.001652166
1714,4.5469922e-05
5143,0.00014226272
5148,0.09009085
5150,0.0036667297
5152,0.03747509
959,2.2615559e-05
536,0.00031270643
122,0.0001857776
1758,0.0005276783
2409,5.590567e-06
137,0.0033806006
4640,8.7063534e-05
4452,2.761128e-06
4825,1.2735422e-05
3776,0.00023926562
4466,3.6204336e-05
5188,4.154762e-05
5192,0.001648053
4480,0.00019805953
5198,0.0004732709
5202,0.00012143566
207,0.00013407221
1439,0.00074881996
5207,0.00047722796
1828,2.947614e-05
3823,0.029772159
2496,0.008011255
5210,0.017891387
3610,0.00020030337
5222,6.3454805e-05
5224,2.9680952e-05
3626,0.016987491
4875,0.0007980262
1503,0.00017443535
5236,0.00016056052
5241,4.9866812e-05
2217,3.0045558e-06
713,0.0026390322
5245,3.5479094e-05
4706,0.0015975108
4317,0.001337094
2231,0.0010784006
329,0.0033306817
5252,6.215686e-05
1542,0.016552525
5255,0.0074349567
4732,0.0040434394
772,0.003510809
2589,0.00019253438
1223,0.00060677103
826,0.00019189184
3919,0.0044841403
5280,0.00018861375
5286,2.451596e-06
5290,0.00011613398
5291,0.0006584517
442,0.0025987122
4593,0.003067398
1269,0.02039433
3715,0.003600324
5295,0.0020813171
2020,0.010947241
5298,0.002500318
5299,4.79021e-05
5301,0.0010622106
2971,0.0024614
55,0.00018282885
5305,0.0002613044
2044,0.00023939909
5310,2.432767e-05
2702,7.34937e-06
5313,6.820268e-05
5315,0.0002521557
5317,0.00016777124
5318,0.00018638973
2719,0.009223203
4215,0.065568514
118,0.0007639618
3538,0.0026143591
5328,0.00014108421
4460,0.00033445648
5337,0.0018203902
4021,0.0001713234
5346,0.0010547418
2124,0.004044019
5355,0.0006566422
5356,0.0013199665
4042,0.00019792379
3321,6.909745e-05
5361,0.00024588587
5207,0.00045305485
2519,0.0004247526
4689,0.00017120467
5377,0.000642076
2190,0.0053350767
5380,0.001234063
5382,0.00014746144
2203,0.0019519858
3098,0.0006010125
2865,0.010772818
4095,0.0010104025
5391,0.0067700073
2869,3.606973e-05
1536,0.00020246583
4540,6.249993e-05
4329,0.0027351934
3881,0.0027571921
1552,0.0014412572
5403,0.00483281
3892,4.3195327e-05
4342,0.0003791472
3421,0.0011833508
5413,0.06341429
5415,0.0002921372
1622,0.09927267
1254,0.000539557
5432,0.06261959
10,0.0012951184
1263,0.00034466633
5435,4.9624967e-05
5436,0.00051852065
2661,0.00029861994
894,7.967651e-05
35,0.0008804204
5441,0.17315541
5443,4.851593e-05
3484,0.00036998233
1679,4.5765682e-06
5450,0.27846873
5455,0.0001513141
4969,0.008375097
4420,0.0012863091
4421,0.004667315
5466,0.0045618657
5467,4.0079092e-05
525,0.00021944915
5473,0.0052407407
529,0.00013532527
5476,9.684406e-06
4625,0.0016799889
1359,0.00049303786
5477,2.7362481e-05
1743,0.00032118996
1744,9.173144e-05
5478,0.00024196392
4225,0.00043059196
5483,4.0486713e-05
984,0.0006126247
5485,0.00011818249
990,0.002053125
149,0.0004797918
4454,5.500927e-05
5488,0.022526482
2752,0.00041177194
571,0.0004891642
3293,0.002362835
2764,0.002402581
5493,0.00012431684
3300,0.0012765992
590,0.0005802714
1039,0.0011563738
203,0.00036793295
5205,9.147226e-06
5507,1.5294103e-05
220,0.0001812834
1435,0.0026797913
227,0.00016679188
5037,0.00015255
5510,0.0065935403
1068,0.00036778007
5514,0.30221727
4676,0.00010247989
650,0.012285838
4858,0.009775625
2511,0.00048207116
5520,7.0191796e-05
5521,4.0032068e-05
5523,0.0007141188
3617,3.1707674e-05
681,0.000628094
5531,0.031220464
5054,0.0013658825
5230,0.0011658359
5537,0.0025255496
5538,0.0070724194
305,0.00053022185
5545,1.3877321e-05
5546,2.2144499e-05
2235,0.0003172991
3653,0.00012698042
5560,3.0184101e-05
4338,1.2097458e-05
1921,0.008601407
784,0.0011716099
3895,6.5444416e-05
1239,0.004889979
5581,1.5695266e-05
4171,0.0036059993
5295,0.0020813171
5587,0.00061517867
5592,2.2163427e-05
5593,0.009709082
487,0.0002617108
3494,0.0013857167
64,0.00014705535
5606,0.0018114789
3514,0.00037789432
1728,3.4221912e-06
5608,2.4466313e-05
2076,9.8879296e-05
5620,0.027180444
2400,0.0009536385
123,0.00039535295
5327,4.7171397e-05
5628,4.8073798e-05
5631,0.00060064974
4640,7.363023e-05
5179,0.01797838
5635,0.0004990182
5638,0.0031219637
174,0.00017164976
5650,2.5411626e-05
5651,0.0026841622
1033,0.0006296614
2777,0.0033995027
198,0.002375095
5652,0.00014791462
2780,0.00016841268
1423,0.0027523546
628,0.0039265594
3322,0.0002832205
1826,0.0014844474
1061,0.0035325678
5663,0.0003819819
4285,0.00036363653
3329,8.212432e-05
3330,6.0839782e-05
5665,4.270603e-05
5668,0.00096313347
1456,0.00018556922
5671,0.0014388723
255,0.00044043618
3073,0.00016563809
5677,2.1923111e-05
5678,0.00020210419
5685,0.00026411444
679,0.0008780683
5691,0.009775052
2535,0.00067963655
5692,0.00020140532
1507,0.0016230451
5698,0.00011253792
5701,4.828837e-05
1525,6.179074e-05
5077,0.0018076908
1526,0.0023257004
5707,3.8165876e-05
1553,0.0009941951
5719,0.0004280146
5561,0.0003514877
5722,9.7665565e-05
2898,1.39865215e-05
3664,0.00091601297
4911,0.0010074932
3138,0.0014019882
4562,2.9657409e-05
4128,0.388009
3147,9.8125885e-05
1584,0.0016520504
1585,0.0035470712
5730,0.0011944353
1219,0.0029676345
2623,0.025505768
827,0.00029776167
419,7.474794e-05
5739,3.653943e-05
5740,6.4428255e-05
5742,0.00045092835
1998,0.008746178
5294,0.007330297
5298,0.002500318
2672,1.6636866e-05
3481,0.0007036008
5761,0.00043776675
5763,0.00013221522
5764,0.000121084486
4984,0.2789978
3515,0.00019096807
4211,5.85191e-07
4623,0.0046653617
5771,0.0007997383
1371,0.0034084062
2102,0.0012154758
998,9.161832e-05
2754,0.0011216791
3780,2.866325e-06
2758,0.00016136415
1410,0.0008558652
4028,0.0031556366
192,0.0085762935
5791,6.571896e-05
4844,0.011940007
611,0.00036901294
5793,0.10376116
5798,0.00012312154
5803,0.00053982093
638,0.0001503211
638,0.0001503211
2482,0.015849853
5810,2.093908e-05
2498,1.4814191e-05
5814,4.208725e-05
4060,3.7204194e-05
5822,0.013001826
4070,0.012850639
680,0.0057861325
2848,0.00023291056
698,2.0914831e-05
5237,0.00010053437
2857,0.00020955634
3639,0.0029469738
4881,6.564593e-05
2227,0.00054729485
2241,0.0038814684
4718,0.001275042
1541,0.0005393698
5842,0.00011361769
5844,0.025012039
2881,5.356688e-05
2252,4.944509e-06
5716,0.00014203732
5264,2.8445364e-05
3131,0.0003498336
5853,0.0037642315
1193,0.001130248
3894,0.0011477203
5862,2.4973257e-05
4570,0.00025970512
5866,3.722865e-05
5870,7.719757e-06
5871,0.036894727
5872,9.083158e-05
847,0.0004578374
1248,0.0003475651
5881,0.001775525
1268,0.004611599
1276,0.00057559647
472,0.0005076545
915,0.002502562
56,0.0011489054
1708,0.00015665444
5901,0.001299133
5902,0.0017817859
2382,0.0022086578
3245,0.00014995546
3249,0.0016316203
2400,0.00045994582
5914,0.0003095767
990,0.002147515
140,0.0014879218
558,0.000101525715
561,0.0036651501
5922,0.011511675
3025,0.0017434501
5927,0.0018158393
5928,2.0122343e-05
592,0.000400941
5193,2.6129695e-05
5195,0.0036460806
4478,3.1900723e-05
5934,0.0007129812
5936,8.44541e-06
3313,0.0028525896
1817,0.0046294457
2497,1.9726866e-05
1087,0.0010032443
5954,0.000816458
3832,0.0011490171
263,0.00037514753
5956,0.0002283773
2522,0.00035493865
283,0.0005583743
1120,0.0037192025
1872,0.0026503645
5970,1.7877128e-05
298,0.0009163962
5829,0.00039521165
5980,0.000106787724
2868,0.00066042325
3647,0.0014294534
5706,0.00010777892
5984,3.3643223e-06
4543,0.00036976708
3388,0.01111935
5988,1.564058e-05
2255,0.0008513214
765,2.662396e-05
4554,9.459972e-05
4348,0.00096941524
3415,0.00082497176
2590,0.014045496
3432,5.51896e-05
825,0.0002105371
3936,0.07893119
3452,0.0006453346
5580,0.00015508807
6012,0.0008500524
4596,2.2454444e-05
892,0.003910837
3471,0.00035679116
4180,0.1341215
4797,0.00012251092
2697,0.019283254
509,7.819219e-05
5148,0.005542611
4984,0.3085645
4209,0.0113276895
5769,0.00046295166
5622,0.006127266
1745,0.00022842805
4220,9.91049e-05
538,0.00038295906
3997,0.000324259
2404,0.0018477022
979,0.0006170007
6048,8.017207e-06
2750,0.0017488827
6056,0.0013669378
1013,5.493411e-06
1402,6.272784e-05
1788,0.0020809795
5018,5.358195e-05
4839,0.088037945
601,0.00042441906
2776,0.00012661613
4267,0.0033909418
1430,0.0022560132
4277,0.121916726
6071,0.00047721225
641,0.0041219755
3604,0.0010977748
665,0.0017782036
6080,0.0061528813
6081,3.340861e-05
5052,0.0021229428
6083,0.00066258246
4526,0.0065336633
2213,0.0023601288
2545,0.0014856884
4087,0.02230714
715,0.00015597107
6091,0.00039117178
2553,1.2842849e-05
4316,0.00023347753
326,0.00019992386
5848,0.00024772153
6105,0.40754682
1193,0.0015656092
3675,0.0002059697
6111,0.01091553
6113,4.5446877e-06
5425,0.00014503556
6115,0.002289517
2304,0.0027338462
1233,0.0043353597
6117,1.09222265e-05
3707,0.0058100875
6121,0.0005432177
3468,0.0008716737
457,0.00041066922
463,0.00041528905
6125,2.7002061e-05
4601,0.000110105844
2345,0.002672518
905,1.3201827e-07
3955,6.4402215e-05
1685,0.0005637006
6131,0.0001875984
4790,0.0001976611
2357,0.00083419756
2035,0.00011125285
3739,2.632536e-05
6135,3.1241063e-05
2049,0.008287745
1329,0.0016581645
1718,0.0004195371
2699,7.816931e-05
5467,2.9980734e-05
3241,0.00017590988
6140,0.00038309
1356,9.3160146e-05
960,0.0023387524
2401,0.00032264713
3266,2.4780902e-05
971,0.018301642
6143,3.2912325e-05
5165,0.0036362284
1762,0.0013829798
6149,2.98361e-05
2426,0.00041682675
1002,0.0042290706
3289,0.0002589629
4030,3.4788054e-06
4480,0.00020718241
612,0.00022793961
6164,0.009583901
1036,0.00022789768
4278,0.0073388275
1059,0.0008210736
1440,0.000242592
1065,0.003184027
3593,2.217753e-05
6171,6.772128e-05
3066,0.0032225808
4681,2.4189007e-05
2167,0.017573161
5043,7.439225e-05
1854,0.014159015
5818,0.019359306
5216,0.007578249
3072,8.4784035e-05
6179,6.364218e-05
667,0.0005029898
5820,0.0001442955
268,0.00030160102
3613,0.022998806
1105,0.0001531233
1115,0.00023554622
694,0.0041339505
1507,0.00028728897
5238,4.4005214e-05
6187,0.00037626037
6191,0.00061244046
2877,0.37930205
3389,0.009333964
2571,8.668629e-06
3129,0.004828773
3412,0.0033527187
4350,0.00049725705
6209,0.015772965
804,0.0040004207
2606,0.00346114
3439,0.011976864
4371,0.0066850283
6215,1.8883016e-05
6216,0.08050716
6218,0.00019709612
1245,0.009826208
3700,0.013816386
5120,7.864716e-05
444,0.0005816363
2007,3.8306553e-05
1275,0.00083366194
6230,0.0002512014
889,6.136484e-05
2020,0.010947241
1294,0.00016770774
3476,0.0004951995
5446,0.0007892701
6236,0.0002795572
931,0.000121771234
6240,5.241991e-05
5315,0.00023746835
527,8.9731344e-05
6256,0.0005681133
2734,0.00031148325
6266,0.00028421753
6267,7.063408e-05
1795,5.2520587e-05
4474,1.8050909e-05
3036,0.024675272
3579,0.00015905971
5356,0.00031087032
6278,0.0066395686
2787,0.00012380283
6281,3.6298568e-06
1812,5.589836e-05
5507,4.8541056e-05
634,0.0050597293
4669,3.6697975e-06
1066,0.00040025797
3827,0.93371326
4502,0.0011908925
5813,0.0005924759
6287,3.557684e-05
6288,1.3949689e-05
6289,0.0017880312
655,0.0002691746
4861,0.023824027
670,0.001476973
6292,0.00027025412
4516,9.540436e-05
294,4.0368315e-05
6299,1.6873555e-05
5536,5.023725e-05
1132,0.0014318478
712,0.0001336473
714,0.025948113
6302,0.0026514651
4092,0.00029686623
6308,0.0021118794
1533,0.0040511163
6310,9.563982e-05
6311,7.3801903e-06
1544,0.0064950786
3386,8.724937e-05
6314,0.00019040008
6315,8.442107e-05
361,0.00011342403
4116,0.8416704
4117,0.0042847926
4560,0.0025893508
6316,0.000193401
6319,1.5821184e-05
6320,1.9675253e-05
4915,0.05898194
4746,3.7585083e-05
2292,5.283027e-05
5572,9.294399e-05
1960,0.0010162746
1239,0.0051328912
6338,0.00037960833
5289,0.014881639
4161,3.400085e-05
6230,0.0002512014
30,1.9631454e-05
4779,0.01182076
5753,0.00028084993
40,0.012350948
44,0.001020354
2351,4.4841916e-05
2682,2.7280666e-05
2688,0.0036586467
2979,2.0418664e-05
6239,0.0013102787
3501,0.016786551
6350,0.0007616535
3230,0.00012747309
76,5.3810945e-05
2374,0.00016461796
6351,0.00085465866
5312,0.0046375343
5149,0.021711973
6352,3.567033e-05
90,0.0068322974
2389,0.0033406992
101,0.008792056
3001,0.0008406562
4222,6.333861e-05
6371,0.00028192275
6372,0.00012763838
594,0.0022584426
5351,9.1053844e-05
4036,0.0005189367
1805,1.0606501e-05
4665,0.00014207538
1047,0.0009951267
6380,0.0016780476
219,0.008339473
6387,0.0016218147
3599,0.0001346458
2824,0.0004149964
4688,0.0019853069
6396,3.6986952e-05
5225,0.000223887
3355,0.011165383
281,0.00040956514
2211,7.0296555e-05
1153,0.000625601
2886,8.5564076e-05
6420,0.001636754
363,5.2699746e-05
6424,0.00037928205
1932,3.2328036e-05
1569,0.009977497
4566,0.0050300295
6428,8.9122055e-05
4572,0.00014376373
1244,0.0019460698
2645,1.4533429e-06
1249,0.06364535
3452,0.0006453346
1252,7.5206386e-05
3706,0.0005109028
1995,0.00017911351
2658,0.0008941819
5436,0.0005612516
6449,6.387158e-05
6450,0.0003304462
6451,0.0006230729
6452,0.05766263
3493,0.0037815163
1311,4.6637244e-05
3221,0.021937063
5599,0.0005729688
4610,8.573454e-05
4614,0.004376507
1344,0.122087404
3758,0.012800331
3006,8.237021e-05
4226,1.9972036e-05
971,0.021209382
123,0.0004158936
1369,0.0024196485
6470,0.00017689401
4639,0.0009522992
5777,0.0032448575
560,0.0009805649
3284,0.001737796
6480,0.00019511931
6482,6.920124e-05
1007,0.0010957866
3290,0.0026072543
2762,0.0045819106
4259,0.00065285945
6483,0.00032609643
6486,0.006270158
6486,0.005862584
186,0.01242024
614,0.00019317947
6490,7.368523e-05
1422,0.0019162912
6494,0.00011778445
6495,2.5447516e-05
6379,0.00021390672
1812,7.5072894e-05
6504,0.015934078
6505,0.008765521
2487,8.274341e-06
5665,9.498317e-05
242,9.212807e-06
4290,0.00033179414
1083,0.0005592995
2813,0.00014061399
2507,0.00033598568
6519,3.713525e-05
4519,0.0005185691
3845,7.044634e-05
3620,4.636046e-05
2538,0.00011463927
4876,0.0018799414
6528,0.0003220399
4311,0.00068666175
2549,2.965229e-05
2228,0.06996244
6543,0.0017541001
1900,0.00072061236
2879,3.3030865e-05
5552,0.00010000496
4335,0.029315397
772,0.0035900888
1562,7.8417215e-06
4558,5.1498366e-05
3141,0.001538186
2280,7.7375385e-05
3901,0.00652991
1948,0.0073737516
6557,0.00024090595
5735,0.005655493
4153,0.0007499508
4378,0.00023815787
1657,0.000109896464
6575,9.458349e-05
6576,0.0003089728
47,0.00031873072
918,7.3852934e-05
1312,8.137028e-05
6585,0.00011360328
3973,0.006697896
2379,0.00037094209
5316,0.000103515486
3245,6.831783e-05
6592,0.00031966102
6593,0.00012852775
3276,0.032679018
4005,0.008721289
1376,4.3306234e-05
4827,9.393677e-05
4463,0.008304882
4468,0.013306904
585,0.00020522595
1411,0.00037908865
4841,0.0036350833
2131,0.00013354424
6498,6.717829e-05
6610,1.8795937e-06
4052,0.00022591832
5660,0.063215315
1068,0.0003847182
4054,0.00070631236
237,8.189011e-05
3825,1.8367768e-05
4502,0.0004903584
1455,0.0006963209
6618,0.0037225045
3080,0.00040111455
6626,8.363844e-05
4522,0.0010260688
6629,0.0003294569
6630,0.0008171386
2862,0.0058630058
6096,0.0008613897
6640,0.00022660608
769,6.109135e-05
6645,0.0005054363
5411,0.0010997107
1210,0.0017861165
2290,0.00050056196
3154,1.7760369e-05
6651,0.041457508
1613,0.18818322
1613,0.18779694
6653,1.2479576e-05
861,0.0024422945
6657,1.824803e-05
4162,0.007862972
22,8.5811666e-07
3722,0.00046456896
3211,5.4797283e-06
472,0.00063261396
3476,0.0006028331
6668,4.2540032e-05
5597,0.0003032063
1327,0.00032351236
508,0.00015026191
6671,0.0022287683
4798,0.00011049817
2985,0.005517188
6673,5.833898e-05
4622,3.0330108e-05
5613,0.0001413705
6678,0.023307452
6252,0.0022360927
3008,0.00857438
6472,1.4872242e-05
6474,0.0016103337
3549,7.037e-05
5004,7.6286196e-06
5632,0.0004136687
5175,9.271516e-06
4642,0.00037329082
569,0.00025683767
3300,0.0014191847
174,0.00020047973
4029,6.9610134e-05
6702,0.00017718857
6161,0.0021669639
2135,0.00017940596
623,0.008803729
5359,0.00035745557
2146,0.00012341575
4279,0.027836217
4280,0.00019754522
6709,0.009522679
3323,0.0026623327
4057,0.012722385
3605,5.522587e-05
4508,0.003344
6714,0.0006439016
6715,0.000333025
267,0.0042237383
1881,0.013446188
6725,0.002856117
6727,0.00091901806
3110,0.25874373
6730,0.0051792855
3645,0.011714774
6732,0.038786706
1908,0.00038945832
354,8.243063e-05
4734,0.00011831307
1561,0.0003282505
4115,4.164957e-05
1931,0.0003066036
6745,0.037551466
3899,8.932744e-05
3901,0.00652991
793,1.659106e-05
6749,0.034238685
5735,0.006033966
2305,0.0011425165
2639,0.05332614
1979,0.009125771
1980,0.00035853081
2944,0.0018270627
9,0.001612153
3185,5.5415843e-05
4598,1.47373385e-05
4958,0.07521774
1285,0.0005545343
4404,0.0017866741
6760,0.03425966
6577,0.0004011505
6764,0.007230775
52,0.0011304094
3958,3.8408936e-05
5759,0.0003018608
2687,6.4740205e-05
1695,0.0007755813
1696,0.00059418054
62,6.75896e-05
4796,0.0068999585
4981,7.6146614e-05
87,0.000106031475
2385,0.004558223
1727,2.1726511e-05
2072,0.0007753478
2727,0.01591002
1750,0.0009686697
6597,0.00019242427
3541,0.0020257535
6773,0.16982226
139,0.005238086
6050,0.00013092838
5005,8.5183885e-05
3292,0.0011725762
5184,0.001571407
2113,6.7671144e-06
6157,0.00021599143
6700,0.00016294867
1796,0.0003282821
5351,2.6535447e-05
6780,0.001892869
600,0.00010658527
3800,5.790191e-06
2466,0.0013752222
2784,0.0007801266
4485,0.00023358509
625,0.0030610834
5656,0.00015388883
3316,0.00078735943
2145,0.00063297094
6792,3.1495274e-05
638,0.00015226995
5807,0.0011952058
4282,0.00021173147
3595,0.0004120018
650,0.012844617
4506,3.7392532e-05
6806,0.090020254
5821,2.807403e-05
1487,0.00055566634
2202,0.0016184626
1870,0.0071756183
1870,0.0071756183
6190,9.253328e-06
4533,3.464909e-05
4534,0.025363365
3119,0.0014258145
744,0.00085865916
6200,0.0015794835
344,0.00048307926
6823,0.0008357028
4898,5.5230776e-05
2574,0.00088519615
5263,0.002462938
6826,0.0012688368
5563,0.0016807057
6828,3.0352849e-05
1946,0.00044320428
381,0.003952624
2291,0.00044979152
807,0.00047821997
2300,0.0011207098
835,0.00041242957
5872,0.00014804852
6838,7.022185e-05
2,7.9363854e-05
2949,0.016946802
2663,0.027559461
6847,7.8260666e-05
3194,2.8810868e-05
1292,1.2781184e-05
52,0.0011304094
6858,5.20766e-06
522,0.00016380328
6246,0.0002450333
3536,0.0062136794
1370,0.00019076496
3544,0.00068901834
996,0.00021558219
5634,0.0031451809
4467,1.9527692e-05
2128,0.0027641328
2775,0.00291101
6877,0.0059019136
199,0.010692799
2778,0.0011157272
2475,0.003424583
1819,0.0006174289
6882,0.00012563031
4055,0.0017504442
6883,0.00027540565
3828,2.04547e-05
4288,0.07827768
2170,0.0014057169
254,0.00019138715
6886,0.00010685954
6390,3.342958e-05
3610,0.00020030337
2189,0.0035822287
274,0.0017360233
2193,1.7031587e-05
6890,3.072951e-06
6891,7.727304e-05
6897,0.0002338418
6725,0.0002044568
306,0.008465985
1523,0.0013519492
3371,1.894371e-05
1528,0.00043570096
1151,0.001370916
6196,0.0018500579
5986,7.524434e-05
5400,0.00029558604
2888,0.00031031333
3393,0.0008435409
1917,1.9320873e-05
5095,1.968751e-05
2265,0.0010043819
4915,0.05898194
2595,0.0009109795
1212,0.0023132414
3151,0.009804756
4917,0.0011966925
6925,0.0013116515
1597,0.00018615421
3162,0.00011646623
2930,0.00015534351
5739,3.4609096e-05
5740,5.3033084e-05
2645,3.598097e-06
874,8.500915e-06
2336,0.020429414
4784,0.000106957705
3211,6.748618e-06
3214,5.748672e-06
2356,0.0023071
917,7.0917755e-05
54,0.0024277891
1693,3.214862e-05
2980,0.001290281
1329,0.0016581645
2377,0.0012794086
6958,0.00012546631
2073,0.012078499
6959,0.010118947
5770,0.00011908364
3762,0.00046736436
3766,1.8191908e-05
6963,0.00019448131
3281,0.000453906
147,0.0003211293
5333,0.00012410234
6966,0.00056879106
6696,0.00016544062
4254,0.003958482
6973,3.0038258e-05
6973,5.9480237e-05
5352,0.0015219462
6976,0.00036882758
6979,8.196605e-05
631,0.00017746825
2152,0.0040844856
2483,0.00011536402
6070,0.01498434
1066,0.00040025797
6388,2.966202e-05
247,0.020354476
2499,0.00015499523
6990,0.0038681065
2819,1.6338237e-05
3840,0.017737579
6996,0.00051922025
682,0.0001283383
7002,0.004095333
4705,9.243576e-05
314,8.345156e-06
7003,0.016088663
2232,0.005305298
3117,0.026258653
5721,0.10358141
3399,0.122841455
6423,0.004634161
2611,0.0028129378
2622,0.00014101372
4924,0.00043919412
1965,0.017657915
7022,0.00022698016
3443,0.041959353
3695,0.029123185
4152,0.018207626
1240,0.0033789142
6,0.001518746
6657,1.824803e-05
1256,0.017422924
7025,0.0015484905
1273,0.00029115568
6847,8.283005e-05
2970,0.006925236
1685,0.00058635254
7033,0.000106473526
7034,0.00010987174
1335,0.0049318504
3970,0.00019260067
2061,6.968525e-05
2064,0.12398676
3977,3.9775285e-05
3980,0.05097314
6592,0.00021395322
106,0.00089333364
3525,0.00023266331
6141,0.0004927473
4219,0.000722669
121,1.831849e-05
545,5.8151243e-05
976,0.003077192
4995,0.00012266604
7056,1.529559e-05
4464,0.00024092411
7059,0.23248868
3561,4.64697e-05
6152,0.00013644452
578,0.00082735706
7060,0.026084743
4838,1.0660826e-05
2128,3.443599e-05
4034,0.09632313
7062,8.900103e-05
5792,0.0005671973
7064,1.5991656e-05
220,0.0001879624
7069,0.00025627823
1835,0.007500021
7071,0.00012740443
3602,0.00063053484
655,0.0002608173
6802,0.0010743128
5215,0.0033960007
1095,0.0016878222
663,0.00032120678
6079,0.00018584491
5379,0.0007234415
3086,0.00017964955
5053,0.0032585291
6809,1.2641138e-05
2223,0.001726593
5546,9.550709e-06
7088,5.3568565e-05
339,0.00029849328
744,0.0026999267
2880,0.0002013556
7093,3.63082e-05
362,0.002325405
4738,0.009220964
3667,0.00024708558
1924,0.00026744916
7099,0.0035663873
1563,0.0021365099
2273,0.0038475976
376,0.0024899396
3897,0.038286287
3900,1.9271409e-05
1204,0.0012981268
2286,7.32612e-05
805,0.0011418147
7111,0.0010189902
3694,8.869341e-06
6336,3.357575e-05
7117,0.0047036265
7119,0.000106453524
3451,0.0018023213
1997,7.820444e-06
18,0.003797054
1276,0.00052837614
7121,6.173932e-05
3955,0.00010366425
2035,0.000104966115
1696,0.0005727092
7130,0.00176167
6136,0.009793383
7131,0.0012161181
942,6.1509316e-05
512,0.08927296
5604,0.0019271878
7133,5.3323656e-06
3978,0.004007072
956,0.000120390025
2082,0.0018869676
7136,4.6381596e-05
1359,0.0004961057
2728,0.00018418297
3273,0.028179621
5325,1.9847237e-05
4812,0.00032682598
3283,0.0017352096
4009,0.008009428
2433,0.0031332718
7149,0.0015826283
3574,4.91883e-05
2471,0.00013436042
7153,0.0055894954
7154,1.2055743e-05
6791,0.0013691273
2482,0.01456784
1444,0.0004223661
3820,0.0018781663
7161,0.0010091604
7163,6.650855e-05
244,0.00011333592
6287,2.2188595e-05
7072,0.00047320253
7178,9.530974e-06
5242,0.0010953248
3863,0.0067015616
3109,6.1271865e-05
2238,0.008050564
1532,0.00025983268
2565,1.5744874e-05
1166,8.8346045e-05
7194,0.0015995062
2884,0.0013393499
3389,0.00881111
2568,0.0013343177
5847,7.563395e-05
5259,4.100087e-05
754,3.6858502e-05
782,0.00010860551
3674,0.0010937351
7197,0.0013034851
1940,0.0010712591
3897,0.039332293
4128,0.6604888
5107,0.0014124971
1608,0.0015093065
2622,7.890881e-05
7205,0.00023953586
5424,6.357127e-07
7206,0.00235667
3443,0.041368008
5873,0.00012622193
6217,0.00010409495
2644,6.8143e-05
7212,0.0003876472
864,2.7062486e-05
445,0.0062533673
4167,0.00011812188
7218,0.00022603876
5294,0.0066173235
4174,9.7726865e-05
6016,0.00016420471
7224,0.00020988668
56,0.0009305302
2040,0.00014817633
6765,0.00028119906
3228,0.0005131911
7227,2.6489279e-05
3251,0.0024354788
532,0.00030441646
533,0.00073806656
5156,4.1593805e-05
5619,0.00042007095
2399,0.00020098769
1361,4.8818565e-05
7237,1.0368919e-05
5166,0.004819234
7239,0.00018245236
3018,0.0041957838
1380,0.005058899
7243,0.00035282486
4455,0.00019967048
2424,0.0050840224
7244,0.0005077798
1388,4.8469174e-05
578,0.00086399174
4019,7.60789e-05
5342,2.3952045e-05
7247,0.0012294463
5649,2.308339e-06
5190,0.0032473584
5200,5.695194e-05
1037,0.010499549
5938,0.00030964072
4486,8.3295396e-05
5505,0.0034307272
4488,0.001354141
4279,0.0227718
4280,0.00019919092
2484,0.003809129
7258,1.495342e-05
7261,3.2319746e-05
247,0.018896203
6389,0.00013564632
1084,0.0010843023
5670,0.0028260038
7265,5.208228e-05
7266,0.0011265589
7267,8.925311e-05
2821,0.0038465778
4062,0.0073065716
3350,0.00025447088
5529,2.3130965e-06
7272,0.017064383
2840,0.001442035
2208,1.3676821e-06
7276,0.0083663305
2215,3.670448e-05
716,0.00019853657
7185,9.349771e-05
327,0.00037546185
1534,0.0006287741
2246,0.00013383987
7193,0.0002806931
7286,0.0012137919
7287,0.0017785447
4891,0.0023284645
3123,6.481674e-05
1929,1.8357576e-05
4344,0.0017922506
369,0.00032331902
6207,0.0021624258
7102,0.11150343
1213,0.0038167196
7306,0.0004750107
3163,7.543306e-05
7307,1.3244784e-05
6749,0.023849567
7308,1.30613125e-05
3168,0.0006425082
6117,5.463594e-06
5580,5.4840042e-05
1642,0.000105063256
1646,4.556199e-05
7317,0.0010232326
4172,2.5162615e-05
7318,3.3547392e-05
5892,0.0002604627
891,4.885662e-05
7319,0.006675454
4180,0.011611795
6761,0.00010795203
7322,0.001496756
4412,6.178585e-05
1692,3.6686844e-05
2977,0.00050838373
4975,0.0009958096
6243,3.058218e-05
3514,0.00032006446
105,0.00013846743
7334,0.00075478136
973,0.0033579264
4441,0.0021414908
7342,0.0407699
7343,0.004142298
7347,0.00022282473
7148,0.00010674567
2749,0.00015732177
3781,0.00611696
4656,0.008392131
7358,0.03541648
3039,0.00018360172
5798,6.006214e-05
6281,6.6610255e-06
7363,2.9897594e-05
230,0.0010865544
1070,9.34887e-07
3827,0.46051458
4678,0.038479052
7368,0.0019387853
5954,0.0006994708
656,3.7797872e-05
7370,0.00030567282
5221,0.0210175
2831,0.0012984971
693,2.4336814e-05
5533,1.5973108e-05
4310,3.3214314e-06
5832,0.00021055354
708,0.0037094692
311,0.00023171757
5836,9.597429e-05
1892,0.0014878424
4713,2.5393963e-05
7386,4.8259553e-06
3871,7.364456e-05
6095,4.4926408e-05
735,0.00024126592
3881,0.0018475252
5259,4.058691e-05
353,0.007512849
7389,0.0039002318
7294,0.010789167
7391,4.3886026e-05
6106,0.0049645295
6108,0.00637747
403,0.010954864
7397,0.00051693065
7401,0.00012158489
436,0.04130984
1258,0.00031162312
7408,0.07302696
1651,0.006193325
1651,0.0053884047
6568,0.009193308
3192,1.9460338e-05
7410,0.00078059064
6760,0.03578035
7411,5.5700355e-05
1675,6.542375e-07
3952,0.0025925683
7031,6.9748676e-05
4604,1.9462008e-05
3497,0.0028934884
7417,0.00014678833
6239,0.00040608738
63,0.00016182933
1706,0.021422472
7227,1.4311563e-05
2993,0.0005281792
2082,0.0017473209
5329,0.0002004025
6149,2.2160893e-05
4455,9.139145e-05
4252,0.0005950131
2444,0.013119036
6489,0.000892758
4846,0.00014894284
2134,2.0203408e-05
4847,0.003943333
6880,0.0029209268
7442,0.00017557021
5512,0.000256992
4857,0.0016624208
7447,0.00096944807
3594,0.0019448837
7451,0.001361798
1453,0.03842468
249,0.00016008693
5813,0.00047359735
7452,0.0018919926
1085,0.16744907
2509,7.4084855e-05
7454,0.0045312895
666,0.00045531392
4075,4.8510003e-05
697,0.001081114
3101,0.00022345792
3362,2.857007e-05
1512,7.264864e-05
7182,0.01261489
728,0.012950751
7468,0.0012024598
1149,0.0015647196
6317,0.0005244599
5861,0.00028658783
3902,4.769447e-05
6320,7.266637e-05
1208,5.958788e-05
7199,0.0077453097
7478,0.00038818415
2295,0.00011529715
5867,0.00022196597
7481,0.017038329
414,0.00044977138
2935,0.0009146856
841,0.00012765567
4582,0.013116623
3696,0.00051792024
2944,0.0016427124
1641,0.004173168
3711,0.0006328223
1264,0.00018034
25,0.00094623596
7492,0.00727955
1293,0.0017989075
7494,0.0011547783
7494,0.0008695314
2672,2.9497258e-05
7499,0.00066884764
6131,0.00015107996
3958,2.8966384e-05
6021,0.03323244
7417,0.00021772868
3749,0.00010548629
4198,6.104191e-05
4621,0.0002652857
5157,0.0017174972
2090,0.0010523635
1752,7.808609e-05
3535,9.012818e-06
136,1.0703077e-06
7513,0.0001532824
4824,0.03302746
5633,0.0040227417
155,0.0038247653
4464,0.0008431073
5181,7.009775e-05
4648,2.7088126e-05
2112,1.5670338e-06
4470,0.0015427368
3790,0.015881555
4025,7.164077e-05
598,0.0025651385
1800,4.9266186e-05
1803,0.011263546
615,7.945291e-05
1047,0.0016325474
1051,7.0945825e-05
4668,8.469922e-06
2150,0.0010557948
3323,0.0019457632
6079,0.00018218897
2520,0.00016113889
5966,0.012523556
2848,0.00022023037
5829,0.00035109767
5242,0.00025374262
7548,0.00071555114
2869,0.00021226368
339,0.00025917258
2878,9.488485e-06
2886,0.0003387181
7560,0.0011584123
1190,0.0023979193
3411,0.00019722489
3413,0.0018103627
3414,0.0040689106
3419,0.31581706
7015,8.268965e-05
1950,0.00014408308
2299,0.0066651166
4150,0.0011212806
7575,0.00023760085
5,0.00067508966
3452,0.00050495093
1258,0.00029223194
5888,0.00029148287
6755,0.085381545
453,0.0012197741
7579,0.00050071516
2675,7.531368e-05
6239,0.0011089388
2362,0.002238442
7590,0.0002022914
2066,4.0354016e-06
2989,1.956402e-06
7595,0.0021967585
2073,0.010901916
6867,0.00022184473
6246,0.00025493884
2081,0.001339359
4221,3.1930827e-05
4231,0.024557086
1760,0.00026707
2097,0.0009114528
5004,6.8733784e-06
6967,0.00041063418
7607,5.0859217e-05
7610,0.009397285
7612,0.0022244938
4466,2.5502153e-05
6369,5.04429e-05
7355,0.00046828832
3573,0.0051805163
5197,0.00537437
5936,6.9376733e-06
6981,0.0017981387
1825,0.0005885274
1064,6.413812e-06
6072,0.002152447
3598,0.0017725274
7627,1.437514e-05
7629,1.6428938e-05
4066,0.0003047016
2194,0.0046780333
5699,1.815385e-05
5239,0.0017293863
2545,0.0011838739
7182,0.00818191
4531,0.0030970075
1888,0.008292912
1527,4.4705328e-05
4320,0.33204734
4535,0.014352213
4541,1.4447141e-05
4542,4.9728e-05
7286,0.011165504
6816,7.4205022e-06
4106,0.027214075
2887,0.0017226705
6100,0.00031510057
6203,1.6245142e-05
1192,0.0003891898
4556,2.0605216e-06
1201,6.774324e-05
7199,0.0066471393
3426,0.00056626846
3428,2.9895018e-06
2298,4.0127394e-05
824,0.021040047
2303,0.0009809289
834,0.00460196
2938,0.0007447309
7655,0.0051618363
2316,0.0002825554
6752,0.0011256052
859,1.8446955e-05
2656,0.0031252394
2954,3.237771e-05
3462,0.0018155125
4172,0.0008678685
2341,3.1280564e-05
1284,0.001903734
1669,0.055912055
2670,0.058490675
3212,0.001093246
1305,1.2274506e-05
5303,0.00054632674
2364,0.0027031642
5602,4.4120683e-05
6586,2.2865146e-05
942,3.2995697e-05
90,0.010079861
7667,0.003138247
92,0.0028392232
2085,0.0006089488
4436,0.00010017561
544,0.0009798912
7426,0.00022118723
6771,4.2491014e-05
7238,0.00018821062
5167,1.3223769e-05
133,0.0011742802
2417,0.0028529032
3773,0.003280082
4238,0.0009901149
7147,0.00025767085
4012,0.004406654
1391,0.000103932274
6698,2.037111e-05
7060,0.09646179
7060,0.061507102
2112,2.1094015e-06
7615,0.0010843948
2785,0.0010064192
5359,0.00040401155
2479,0.00013670733
6501,5.6792494e-05
2798,0.00077476393
4278,0.0015066443
5822,0.002771278
7704,4.381757e-05
2523,0.002479959
4073,1.7686862e-05
7707,0.16380128
3625,0.0020617545
7380,0.00014815344
2213,0.0018552153
7711,3.9130315e-05
3365,0.00012599045
2222,0.0002545296
5543,3.5069108e-05
1885,0.055524692
1166,9.78369e-05
4725,0.0061468654
3387,0.006146388
2890,0.00031267962
7719,0.0010702325
1199,0.013943058
2596,0.00019842584
799,0.014564704
3160,6.202033e-05
3438,1.260012e-05
6836,0.008272654
1618,0.0008284741
6751,0.00017170853
6337,0.0035088197
857,0.00033523442
3448,0.0002965166
435,8.7613364e-07
1987,1.7110528e-05
21,9.174981e-05
4956,0.0021376833
1664,0.00070317753
2017,2.8743211e-06
6449,0.00021475418
3726,9.001219e-05
7733,0.0001431954
4412,3.5894383e-05
7734,6.43485e-05
3490,0.00065058214
1309,9.649586e-06
4605,0.0035883628
7736,0.0010362205
3223,0.0048939115
7738,0.0037546558
3230,9.0958994e-05
7740,0.001117403
6030,0.036405742
945,3.105402e-05
6673,9.032594e-05
3238,0.00019608316
5615,0.00021955358
3254,0.00082085334
533,0.00073806656
109,0.0026708941
4213,0.003884888
4437,4.3181735e-05
970,0.0011663552
5630,0.0010764756
5775,0.0022536865
3020,9.176714e-06
2105,0.0017637074
560,0.000945747
1775,0.00043804306
2761,0.0005821946
3298,3.4506997e-05
7755,3.148464e-05
5645,0.00015992657
2453,0.12306843
4842,4.570028e-05
617,8.110952e-05
621,0.00021079661
5029,0.0039627296
3048,5.3177617e-05
5203,0.008812017
5360,5.7843565e-05
5035,3.6877664e-05
7759,0.003389901
4496,1.532032e-05
7763,0.0012580743
4062,0.007721339
2517,0.00076730596
5820,0.00013346353
7769,0.010105229
7770,1.355537e-06
3360,0.00046958152
715,0.00012291837
3367,0.00011285785
2864,0.0016760342
1140,0.0075654495
5086,1.5048265e-05
1903,0.0011110202
1548,0.0008546127
2251,7.017658e-06
4897,0.0014770897
4903,2.734881e-05
1922,9.585859e-05
775,0.00016825329
7782,0.002884845
1932,8.467948e-05
2271,0.0026141629
3144,0.008768248
4127,0.006594156
2613,0.020296292
3162,0.00010840374
423,0.00021430501
4149,0.0007825613
2637,0.0013852977
7790,0.0004223621
2646,0.0011002215
5581,2.1195618e-05
3182,9.0561736e-07
7791,2.8516963e-05
5582,7.242493e-05
3465,0.00016027891
7797,0.0018235104
2960,7.526098e-05
1286,0.00028080976
2969,0.0007373165
3741,0.00014137347
505,0.0015804576
5313,2.0506555e-05
948,0.020379221
92,0.0030431515
2390,0.003989395
4212,0.00025670056
105,0.00017502498
6141,0.00038427705
4990,0.00038607503
7811,0.0032430599
2092,4.29133e-05
982,1.0311312e-05
6048,1.9058758e-05
5335,0.0027235912
2436,0.0037122949
5345,0.00034180333
2125,0.017812688
5020,8.300606e-05
5353,0.0009444319
1803,0.20977698
4271,0.002082947
7823,0.0029163435
4489,1.7014849e-05
1825,0.00013458918
5660,0.090403944
231,0.00016940947
2802,0.0008905618
2498,7.713038e-06
2499,0.00015009423
7171,0.0014876839
668,0.0007646075
7832,0.0014532066
674,0.0024301556
2198,0.005902302
3087,0.01718746
2531,3.0184045e-05
2207,9.892183e-05
3097,0.001328176
2541,0.101032004
707,0.0007432831
709,2.9351006e-05
5245,8.316729e-06
4706,1.5352292e-05
3641,0.001020973
1141,0.004028079
5249,1.7724227e-05
7840,2.1047528e-05
7288,7.1620557e-06
7845,0.003122268
2257,4.977497e-05
4898,7.5853175e-05
1578,0.00066750246
789,0.0039968486
5863,0.00023371138
2600,0.0015092116
7855,0.0025621988
4357,0.0072274795
7394,2.2877053e-05
3916,0.00023168509
4756,0.0069258786
7859,1.1596035e-05
5737,0.003152013
7862,7.328307e-05
431,7.109577e-05
4943,7.367061e-05
7865,1.7619488e-05
2650,1.0598644e-05
1253,0.0020325272
867,0.03942155
7728,5.3128148e-05
1259,0.0018220755
2658,0.0007434407
7488,0.004549317
1654,3.9425277e-06
1659,0.0013454253
4392,0.017913142
459,0.00084731984
3723,4.7091846e-05
7878,0.048294038
5457,8.922716e-05
6025,7.107747e-05
2051,0.0021899908
5142,0.005223321
7885,5.5368255e-05
533,0.0007210077
7338,0.035686623
3264,0.000576337
3273,0.028382616
6868,0.00014387687
7675,0.00027631145
4445,0.00051515765
3543,3.6168825e-05
2417,0.0006099595
1765,0.00045160693
5173,7.8816905e-05
151,2.4690627e-05
153,0.00018052064
7894,0.002236893
4456,0.0012739046
2756,0.0018996638
1782,0.008721614
4664,0.00025400062
3582,1.0674936e-05
7901,4.227865e-05
6063,1.89679e-05
7904,0.0008010578
632,0.0004481293
265,5.9022397e-05
3348,6.097314e-06
6521,8.748723e-05
2830,0.00022511029
279,0.0013564638
7918,0.002209486
6896,0.009645688
4877,0.0031198156
5064,0.00012662807
5241,1.5827161e-05
5389,0.00013674892
721,0.00047407864
2236,0.000533375
1897,0.00012524851
5987,0.007627881
1175,9.137707e-05
6314,0.00015333603
756,0.0002950972
3130,0.0014924059
4119,0.00013319007
3898,0.0028281356
2282,1.3947746e-05
402,0.0009802642
7933,0.00021373933
812,0.0030465634
7656,0.00036338632
7941,0.00046829326
6218,4.9111015e-05
5877,2.4732244e-05
5284,0.00068014686
7865,2.7805665e-05
6656,0.08396919
2952,0.0030693964
1999,0.0003483124
4162,0.0070010303
6755,0.0040242802
454,5.0791605e-05
3200,0.0011056856
1301,0.0013326616
6857,0.0010208299
5598,0.00025377722
502,0.00029826513
7952,0.00016810912
2985,0.0037591138
2385,0.004740817
99,0.00029214472
7599,6.209643e-05
4215,0.068503045
1741,0.0069610425
3765,0.0021111036
1766,8.051391e-05
4457,0.00084329816
4644,0.0002149824
4245,0.00057907915
572,0.0013085041
2111,4.0781833e-05
172,9.699971e-05
177,4.7109137e-05
190,0.035012547
5355,0.0006687476
7969,0.0035082377
3580,0.37770697
2470,0.0011789376
1834,0.000265771
3599,5.2293093e-05
257,3.8657785e-05
2828,0.0040709497
1871,4.416931e-05
6185,0.001096189
3629,1.0537418e-05
7001,0.00038294902
2862,0.0052306894
1141,0.004028079
5979,9.29941e-06
1145,0.00011118062
5986,8.6032065e-05
1552,0.0015950516
7986,0.00049712986
7294,0.009448933
7010,4.455912e-05
5095,2.287893e-05
4341,0.00022261366
4741,0.0037879292
7476,0.006230846
5107,0.0017678788
1211,3.6522568e-05
3909,0.0007183275
4751,2.1046668e-05
7992,2.1074262e-05
3173,0.00042270526
7119,1.7300878e-05
3705,0.0023575725
8,0.0003114307
2000,0.0008786316
6227,5.8461443e-05
6227,0.0001237935
470,4.9969376e-06
3475,0.004829756
909,0.00013911152
46,0.00020109676
1304,7.8928075e-05
55,0.00037362246
8004,0.005464901
5461,9.345537e-05
1327,0.00015091425
8006,0.009824321
4206,0.00021297667
2385,0.004740817
1732,0.26310506
3248,0.0012154978
3521,3.0424544e-05
5159,2.0609188e-05
8014,0.00012722949
3270,0.00011863188
4440,7.636531e-06
2097,0.0008348774
997,0.11415294
4829,5.165088e-05
6700,9.733012e-05
6780,0.013813378
5021,7.278303e-05
4478,3.901786e-05
1037,1.8569324e-05
7969,0.020621557
7970,0.006791781
8026,0.0051869415
5656,0.00012393123
6282,2.1345908e-05
1818,0.00028182764
2793,2.8115772e-05
3319,0.0018420754
5362,0.0029413118
8031,0.00015531805
1834,0.0002973659
7975,2.860026e-06
8036,0.0019616922
1459,0.00015449694
1461,7.5069916e-06
4508,0.002784805
4062,0.005619429
5375,1.3425492e-05
3835,0.001919706
1487,0.000313959
8047,4.3451975e-05
3101,0.00017109582
1129,0.00015991894
8050,0.003051236
2218,9.7253585e-05
3635,0.0010336782
4091,0.0002184819
5974,0.011181189
6411,0.0010512933
4320,0.340669
3119,0.0010266369
747,2.8293509e-05
3882,0.036561877
7926,0.050234117
2583,9.148336e-05
7474,0.00039390195
1946,0.00027620082
2593,0.006507364
6746,3.5913457e-05
1947,0.00026288643
7301,0.00044335137
2599,0.0024279938
4750,1.4495085e-05
1218,0.0010818559
3432,1.8039034e-05
826,0.000107967266
5423,0.0020789534
6221,0.010917382
1645,0.00033995972
5885,5.5603716e-05
4952,0.0006495323
2005,6.618979e-05
5587,0.000556867
896,0.030129613
6763,0.01349806
1307,3.906492e-05
4604,1.8865556e-05
5457,8.80851e-05
2363,0.00019451597
926,0.0017085138
5460,4.48966e-05
7665,0.00011722757
4609,0.0040086308
5763,0.00022671327
2057,0.023480784
8086,0.00019717
4199,7.5350676e-05
5606,0.0011857598
5469,0.16906434
2990,0.0018942982
2075,0.0010092643
3003,0.0005370818
3530,0.00013335019
541,0.006891834
4231,0.02356139
8096,4.2991738e-05
6472,0.00010404672
2734,0.00032401734
7603,0.003407049
1764,0.0002744853
562,0.00025769812
1381,0.00025357865
1776,0.00072007795
7613,0.000105511535
2759,7.486086e-05
584,0.41470096
4655,1.8709823e-05
3029,0.0060037863
3799,0.0003236734
6163,8.408402e-06
2133,8.463443e-05
7903,3.9080343e-05
2801,0.048201792
2493,3.863954e-05
244,0.00011898772
3831,0.0162774
5526,2.2571518e-05
5682,0.005671672
286,0.00039437614
1489,7.200898e-05
716,0.00022154351
1526,0.0024911312
2867,7.407539e-05
7288,1.4558382e-05
4730,1.0489833e-05
8143,0.00016988828
8145,0.0025158192
2580,0.0001204942
7782,0.24245518
372,0.0016111833
8151,0.00065176527
3146,0.0011662797
380,6.0751776e-05
1947,0.00023085774
8153,0.001934935
8154,0.1983488
1595,0.0016744622
4923,2.9479876e-05
6325,0.0010921214
7724,0.00018447384
407,0.00026861674
8155,0.0010928124
840,1.5277848e-05
5877,2.3439261e-05
7023,0.00268037
1646,1.1747626e-05
5127,8.172769e-05
467,5.7788875e-06
7500,0.00021113333
6858,5.6206536e-06
8166,0.005201787
1323,0.0074561355
4973,4.895493e-05
2061,5.828587e-05
4205,3.1816082e-05
7809,0.00043058622
5160,3.3165443e-06
2733,0.0015107314
3767,0.0008981054
131,3.0927087e-05
550,0.00041081017
5627,0.0005130219
3771,0.00075391156
5777,0.0017734573
2753,8.986176e-05
4011,6.0434842e-05
3294,0.003308988
6972,0.00033033974
1016,0.0010494281
2448,2.02387e-05
7151,8.540186e-06
1793,0.0003292073
2123,0.00032159072
7436,3.3099448e-05
597,0.000109672554
613,0.00042587338
6162,2.5619232e-05
1421,2.1392902e-05
6278,0.004298425
3051,0.0006775309
633,0.00044386048
6985,8.071755e-05
4856,1.7377819e-05
1839,0.00022853151
1453,0.004010141
1461,4.5140405e-06
6618,0.0028077783
6079,0.00018511168
4071,0.0031394332
3083,0.0001736077
8194,3.4888977e-05
3093,0.00014202864
299,0.00107352
4526,0.0030693715
6902,0.011577199
8201,0.0010457195
2228,0.06785737
3869,0.00029232277
4714,5.4409455e-05
3874,5.3781405e-06
738,0.00019331435
1161,0.00230394
5988,7.285489e-05
7298,0.0012651416
6425,0.0099563375
3419,0.3086322
5862,1.2945205e-05
8214,0.0005399007
6922,0.002860194
390,0.00023568707
4359,0.0010951333
2607,0.015006606
2609,0.00611308
6650,0.00015989698
2297,0.00095078704
8219,8.8342844e-05
2927,0.02503663
7939,0.00016363313
418,3.1433792e-05
1233,0.0032253866
1237,2.716688e-06
3173,0.00040136205
5878,0.0011466849
6437,5.6292334e-05
3701,0.0001402281
864,3.801263e-05
5433,0.008002619
2658,0.001522731
4775,2.040852e-05
1278,9.241962e-07
4597,0.0010578511
892,0.0038133147
3202,0.0010781803
3217,0.00120124
4789,0.0011086632
63,0.0003685431
5148,0.0064329132
3519,4.3963144e-05
6249,0.00013685392
3256,0.064720176
535,1.1234359e-05
2727,0.013759121
7811,0.000534567
2740,0.001543074
2100,0.002305416
8246,0.0069186245
563,0.0002560909
8248,0.0001844093
4011,6.0434842e-05
3292,0.00013028811
3782,1.2661121e-06
4255,0.0004018582
3790,0.015082529
3793,0.00010234279
180,0.0016459195
3796,9.446448e-06
593,0.0001412829
1415,0.033242274
3800,3.3312526e-06
8257,0.00080442237
8260,0.0060652588
3585,0.00015780373
5808,5.6758545e-05
8264,0.00035056288
8266,0.11868243
8267,0.0008894175
3069,0.0032504098
5214,0.00019513178
3344,0.022156453
3075,0.000196408
3836,0.0007339941
5822,0.013914197
682,0.000119352604
3088,0.0013879198
2843,0.0008119352
3622,0.0005630788
1876,0.00067543105
3626,0.008905216
3630,0.0050073066
2214,0.002444562
8277,0.004176213
5070,6.823586e-05
7773,0.00050254026
3865,8.51704e-05
5078,0.00043642527
1150,0.05668615
1150,0.016629687
4098,0.0039024875
5086,1.1543614e-05
8286,1.7015547e-05
5255,0.0038964103
342,0.0032950977
1549,4.1779058e-05
8292,5.6694822e-05
779,6.4538086e-05
6112,1.0410802e-05
3435,1.2111507e-05
4366,0.0026975486
8298,2.1385538e-05
835,0.00029337674
8300,0.00025877604
1974,0.004712164
